{
  "label": "cpu-strixhalo-smollm-q8",
  "timestamp": "2026-05-14T01:23:44+00:00",
  "git": {
    "commit": "05242766bf251afa7ea11dd1d6ee137856eb64c5",
    "branch": "worktree-agent-a480e8ccd7f9935e4",
    "dirty": true
  },
  "system": {
    "cpu": "AMD64 Family 26 Model 112 Stepping 0, AuthenticAMD",
    "cores": 32,
    "os": "Windows 11",
    "ram_gb": null
  },
  "config": {
    "prompt_size": "short",
    "max_tokens": 30,
    "models": [
      "SmolLM-135M.Q8_0.gguf"
    ],
    "device": "cpu"
  },
  "results": [
    {
      "engine": "dotLLM",
      "model": "SmolLM-135M.Q8_0",
      "prefill_ms": 17.1757,
      "decode_ms": 107.9195,
      "prefill_tokens": 5,
      "decode_tokens": 29,
      "prefill_tok_per_sec": 291.1089504357901,
      "decode_tok_per_sec": 268.7188135601073,
      "decode_ms_per_tok": 3.7213620689655174,
      "total_tok_per_sec": 271.79300244933455,
      "bdn_mean_ns": 136399466.66666666,
      "bdn_stddev_ns": 1061119.3654383721,
      "median_prefill_tok_per_sec": 214.85323375602127,
      "median_decode_tok_per_sec": 254.62584926500932,
      "median_prefill_ms": 23.2717,
      "median_decode_ms": 113.8926,
      "decode_cv": 0.16875119237126757,
      "prefill_cv": 0.18412660149249926,
      "all_decode_tok_per_sec": [
        62.72037289640736,
        141.106655709005,
        202.81975408454505,
        247.48123836198144,
        249.60772854384876,
        268.7188135601073,
        254.47056521422473,
        254.03744336716994,
        254.62584926500932,
        268.6876922506764,
        240.49565324839136,
        255.76665614201576,
        265.71619677658765,
        261.06181943884314,
        247.22089613312417,
        244.62417291723605,
        252.1096798815606,
        250.54623398771977,
        262.9331370099244,
        265.43674871103,
        247.98851385614444,
        255.58587332811584,
        257.23335766701763,
        262.74589391589234,
        259.4282023504195,
        248.3542250620243,
        246.9005467570039,
        260.11978067417664,
        259.6198091704878,
        267.8778440082654,
        267.0590900467998
      ],
      "all_prefill_tok_per_sec": [
        47.861271233652985,
        129.24004270091012,
        203.37107900559678,
        209.52676285341926,
        178.13944042838972,
        214.85323375602127,
        221.83278244859025,
        220.14406227435234,
        185.42967764904841,
        233.60883602061364,
        229.71501555170656,
        218.46272152119963,
        210.6859935951458,
        215.12038136541207,
        222.58132008529316,
        227.53335639004678,
        219.80534039055013,
        219.35115927087676,
        203.8453384648,
        212.90547848377233,
        216.58898341794742,
        226.95499028632642,
        224.92937217713637,
        209.8230771813207,
        209.55574182732607,
        291.1089504357901,
        204.26672331663792,
        196.20846757262655,
        205.58534258741489,
        219.47921970747808,
        203.81708639398659
      ],
      "all_decode_ms": [
        462.36969999999997,
        205.51829999999998,
        142.9841,
        117.1806,
        116.1823,
        107.9195,
        113.96209999999999,
        114.1564,
        113.8926,
        107.932,
        120.5843,
        113.3846,
        109.139,
        111.0848,
        117.304,
        118.5492,
        115.0293,
        115.7471,
        110.29419999999999,
        109.2539,
        116.9409,
        113.46480000000001,
        112.73809999999999,
        110.3728,
        111.7843,
        116.76870000000001,
        117.4562,
        111.48710000000001,
        111.7018,
        108.2583,
        108.5902
      ],
      "all_prefill_ms": [
        104.4686,
        38.6877,
        24.5856,
        23.8633,
        28.067899999999998,
        23.2717,
        22.5395,
        22.712400000000002,
        26.964399999999998,
        21.4033,
        21.7661,
        22.8872,
        23.732,
        23.242800000000003,
        22.4637,
        21.9748,
        22.747400000000003,
        22.7945,
        24.528399999999998,
        23.4846,
        23.0852,
        22.0308,
        22.229200000000002,
        23.8296,
        23.86,
        17.1757,
        24.477800000000002,
        25.4831,
        24.3208,
        22.781200000000002,
        24.5318
      ]
    }
  ]
}