{
  "label": "cpu-strixhalo-llama1b-q8",
  "timestamp": "2026-05-14T01:24:03+00:00",
  "git": {
    "commit": "05242766bf251afa7ea11dd1d6ee137856eb64c5",
    "branch": "worktree-agent-a480e8ccd7f9935e4",
    "dirty": true
  },
  "system": {
    "cpu": "AMD64 Family 26 Model 112 Stepping 0, AuthenticAMD",
    "cores": 32,
    "os": "Windows 11",
    "ram_gb": null
  },
  "config": {
    "prompt_size": "short",
    "max_tokens": 30,
    "models": [
      "Llama-3.2-1B-Instruct-Q8_0.gguf"
    ],
    "device": "cpu"
  },
  "results": [
    {
      "engine": "dotLLM",
      "model": "Llama-3.2-1B-Instruct-Q8_0",
      "prefill_ms": 41.2834,
      "decode_ms": 665.2808,
      "prefill_tokens": 5,
      "decode_tokens": 29,
      "prefill_tok_per_sec": 121.11405552837219,
      "decode_tok_per_sec": 43.590616172900226,
      "decode_ms_per_tok": 22.94071724137931,
      "total_tok_per_sec": 48.120184973991044,
      "bdn_mean_ns": 746693133.3333334,
      "bdn_stddev_ns": 32008833.770434894,
      "median_prefill_tok_per_sec": 117.0146291689387,
      "median_decode_tok_per_sec": 40.19482013511004,
      "median_prefill_ms": 42.7297,
      "median_decode_ms": 721.486,
      "decode_cv": 0.1958672949246811,
      "prefill_cv": 0.3722257817406391,
      "all_decode_tok_per_sec": [
        21.352144425315867,
        40.18419325659353,
        40.20391425309168,
        39.69869511758069,
        43.590616172900226,
        40.19482013511004,
        40.387902124236525
      ],
      "all_prefill_tok_per_sec": [
        16.21950570731967,
        112.16219550767974,
        118.51879945196907,
        121.11405552837219,
        117.75927648700527,
        115.48704350858878,
        117.0146291689387
      ],
      "all_decode_ms": [
        1358.1774,
        721.6768,
        721.3228,
        730.5026,
        665.2808,
        721.486,
        718.0368000000001
      ],
      "all_prefill_ms": [
        308.2708,
        44.5783,
        42.1874,
        41.2834,
        42.4595,
        43.2949,
        42.7297
      ]
    }
  ]
}