{
  "label": "vulkan-strixhalo-qwen25-05b-q8",
  "timestamp": "2026-05-14T01:23:21+00:00",
  "git": {
    "commit": "05242766bf251afa7ea11dd1d6ee137856eb64c5",
    "branch": "worktree-agent-a480e8ccd7f9935e4",
    "dirty": true
  },
  "system": {
    "cpu": "AMD64 Family 26 Model 112 Stepping 0, AuthenticAMD",
    "cores": 32,
    "os": "Windows 11",
    "ram_gb": null
  },
  "config": {
    "prompt_size": "short",
    "max_tokens": 30,
    "models": [
      "qwen2.5-0.5b-instruct-q8_0.gguf"
    ],
    "device": "vulkan"
  },
  "results": [
    {
      "engine": "dotLLM (vulkan)",
      "model": "qwen2.5-0.5b-instruct-q8_0",
      "prefill_ms": 21.9384,
      "decode_ms": 269.80199999999996,
      "prefill_tokens": 5,
      "decode_tokens": 29,
      "prefill_tok_per_sec": 227.9108777303723,
      "decode_tok_per_sec": 107.48623064321244,
      "decode_ms_per_tok": 9.303517241379309,
      "total_tok_per_sec": 116.5419667622311,
      "bdn_mean_ns": 368829366.6666667,
      "bdn_stddev_ns": 54447022.68235916,
      "median_prefill_tok_per_sec": 205.64283951632805,
      "median_decode_tok_per_sec": 97.16437498345694,
      "median_prefill_ms": 24.314,
      "median_decode_ms": 298.4633,
      "decode_cv": 0.094595234721676,
      "prefill_cv": 0.16614117534637357,
      "all_decode_tok_per_sec": [
        102.85562687667185,
        96.67117798830613,
        97.16437498345694,
        103.18290807150078,
        96.40649766496814,
        78.84891460390655,
        107.48623064321244
      ],
      "all_prefill_tok_per_sec": [
        135.0935117288187,
        205.64283951632805,
        194.09636496327698,
        226.16247512212774,
        225.57679987728625,
        185.06044073994568,
        227.9108777303723
      ],
      "all_decode_ms": [
        281.9486,
        299.986,
        298.4633,
        281.05429999999996,
        300.8096,
        367.79200000000003,
        269.80199999999996
      ],
      "all_prefill_ms": [
        37.0114,
        24.314,
        25.7604,
        22.108,
        22.165399999999998,
        27.0182,
        21.9384
      ]
    }
  ]
}