{
  "label": "vulkan-strixhalo-smollm-q8",
  "timestamp": "2026-05-14T01:21:05+00:00",
  "git": {
    "commit": "05242766bf251afa7ea11dd1d6ee137856eb64c5",
    "branch": "worktree-agent-a480e8ccd7f9935e4",
    "dirty": true
  },
  "system": {
    "cpu": "AMD64 Family 26 Model 112 Stepping 0, AuthenticAMD",
    "cores": 32,
    "os": "Windows 11",
    "ram_gb": null
  },
  "config": {
    "prompt_size": "short",
    "max_tokens": 30,
    "models": [
      "SmolLM-135M.Q8_0.gguf"
    ],
    "device": "vulkan"
  },
  "results": [
    {
      "engine": "dotLLM (vulkan)",
      "model": "SmolLM-135M.Q8_0",
      "prefill_ms": 9.9309,
      "decode_ms": 82.0787,
      "prefill_tokens": 5,
      "decode_tokens": 29,
      "prefill_tok_per_sec": 503.47904016755786,
      "decode_tok_per_sec": 353.31943610217996,
      "decode_ms_per_tok": 2.8303,
      "total_tok_per_sec": 369.52665808785173,
      "bdn_mean_ns": 177310644.44444445,
      "bdn_stddev_ns": 120415.59668884105,
      "median_prefill_tok_per_sec": 486.71274213958924,
      "median_decode_tok_per_sec": 335.11134941251515,
      "median_prefill_ms": 10.273,
      "median_decode_ms": 86.5384,
      "decode_cv": 0.03863204975064538,
      "prefill_cv": 0.15482336141783187,
      "all_decode_tok_per_sec": [
        297.62607286502043,
        316.88828813668596,
        336.8125684513474,
        331.6806487215999,
        340.78276626297617,
        340.65306716973686,
        353.31943610217996,
        329.77554793913026,
        348.09496030517124,
        348.9573995213267,
        345.0610460585105,
        322.24836014476733,
        344.61082149278275,
        347.19935827980675,
        346.17276169467084,
        334.1699104194178,
        335.11134941251515,
        326.8110119533945,
        331.27258936363677,
        325.1438200811066,
        332.32984998172185
      ],
      "all_prefill_tok_per_sec": [
        156.16215878568306,
        459.42792035357576,
        499.48054023815234,
        493.13068949533005,
        483.4608058324712,
        489.4283476898982,
        479.03273709725323,
        495.589255624938,
        486.43810561544154,
        493.79789839614443,
        482.830545791649,
        477.2950733602528,
        501.00200400801606,
        499.03685886239555,
        503.47904016755786,
        477.1356592106268,
        480.2428107651229,
        490.2104963871486,
        486.71274213958924,
        478.03432286438164,
        492.40708278347876
      ],
      "all_decode_ms": [
        97.4377,
        91.5149,
        86.10130000000001,
        87.4335,
        85.0982,
        85.1306,
        82.0787,
        87.93860000000001,
        83.3106,
        83.10470000000001,
        84.0431,
        89.9927,
        84.1529,
        83.52550000000001,
        83.7732,
        86.7822,
        86.5384,
        88.7363,
        87.5412,
        89.1913,
        87.2627
      ],
      "all_prefill_ms": [
        32.018,
        10.883099999999999,
        10.010399999999999,
        10.1393,
        10.3421,
        10.216,
        10.4377,
        10.089,
        10.278799999999999,
        10.1256,
        10.355599999999999,
        10.4757,
        9.979999999999999,
        10.0193,
        9.9309,
        10.479199999999999,
        10.411399999999999,
        10.1997,
        10.273,
        10.4595,
        10.154200000000001
      ]
    }
  ]
}